0,0,0
-2.7321,0.19674,45.332,109.93,74.555,-45.499,1,1
-3.2305,-0.14655,45.511,109.43,74.211,-45.319,1,1
-2.5595,-0.13431,45.341,110.1,74.224,-45.49,1,1
-2.7261,0.030678,45.165,109.93,74.389,-45.666,1,1
-3.0603,-0.14282,45.34,109.6,74.215,-45.491,1,1
-2.2285,0.038308,45.337,110.43,74.396,-45.493,1,1
-2.8966,-0.14087,45.512,109.76,74.217,-45.319,1,1
-2.7442,0.52886,45.666,109.92,74.887,-45.165,1,1
-3.0543,-0.30889,45.173,109.61,74.049,-45.658,1,1
-3.0603,-0.14282,45.34,109.6,74.215,-45.491,1,1
-2.7356,0.028031,45.679,109.92,74.386,-45.151,2,1
-2.5623,0.032631,45.337,110.1,74.391,-45.494,2,1
-2.3866,-0.29754,45.174,110.27,74.06,-45.656,2,1
-2.7268,-0.30498,45.517,109.93,74.053,-45.314,2,1
-2.7381,0.3628,45.499,109.92,74.721,-45.332,2,1
-2.7325,0.028916,45.508,109.93,74.387,-45.323,2,1
-2.556,0.034394,44.993,110.1,74.392,-45.837,2,1
-2.7268,-0.30498,45.517,109.93,74.053,-45.314,2,1
-2.5709,0.53346,45.323,110.09,74.891,-45.508,2,1
-2.569,-0.13695,45.856,110.09,74.221,-44.975,2,1
-2.2316,0.03743,45.509,110.43,74.395,-45.322,3,1
-2.73,-0.30586,45.688,109.93,74.052,-45.142,3,1
-2.5712,0.36564,45.499,110.09,74.724,-45.332,3,1
-2.3926,-0.13148,45.341,110.27,74.227,-45.489,3,1
-2.563,-0.30302,45.689,110.1,74.055,-45.142,3,1
-2.7236,-0.3041,45.345,109.94,74.054,-45.485,3,1
-2.8962,0.026955,45.336,109.76,74.385,-45.495,3,1
-2.7271,-0.47281,45.693,109.93,73.885,-45.138,3,1
-2.5627,-0.13519,45.513,110.1,74.223,-45.318,3,1
-2.569,-0.13695,45.856,110.09,74.221,-44.975,3,1
-2.7296,-0.13803,45.512,109.93,74.22,-45.318,4,1
-2.5627,-0.13519,45.513,110.1,74.223,-45.318,4,1
-2.5623,0.032631,45.337,110.1,74.391,-45.494,4,1
-2.5747,0.19694,45.847,110.09,74.555,-44.984,4,1
-2.7268,-0.30498,45.517,109.93,74.053,-45.314,4,1
-2.3986,0.034592,45.508,110.26,74.393,-45.322,4,1
-2.7328,-0.13892,45.684,109.93,74.219,-45.147,4,1
-2.8969,-0.3087,45.688,109.76,74.049,-45.143,4,1
-2.7353,0.19586,45.503,109.92,74.554,-45.327,4,1
-2.5709,0.53346,45.323,110.09,74.891,-45.508,4,1
-2.5655,0.031754,45.508,110.09,74.39,-45.323,5,1
-2.7325,0.028916,45.508,109.93,74.387,-45.323,5,1
-2.3989,-0.13324,45.684,110.26,74.225,-45.146,5,1
-2.5595,-0.13431,45.341,110.1,74.224,-45.49,5,1
-2.5598,-0.30214,45.517,110.1,74.056,-45.313,5,1
-3.2273,-0.14566,45.34,109.43,74.212,-45.491,5,1
-2.5592,0.033517,45.165,110.1,74.392,-45.666,5,1
-2.7243,-0.63975,45.697,109.94,73.718,-45.133,5,1
-3.4027,0.35233,45.326,109.26,74.71,-45.505,5,1
-2.3951,0.2033,45.161,110.26,74.561,-45.67,5,1
-2.5715,0.19782,45.675,110.09,74.556,-45.156,6,1
-2.563,-0.30302,45.689,110.1,74.055,-45.142,6,1
-2.3929,-0.2993,45.518,110.27,74.059,-45.313,6,1
-2.226,-0.29646,45.518,110.43,74.062,-45.313,6,1
-2.9026,0.025193,45.679,109.76,74.383,-45.152,6,1
-2.4043,0.36848,45.499,110.26,74.726,-45.331,6,1
-2.0764,0.54022,45.667,110.58,74.898,-45.164,6,1
-2.8937,-0.30782,45.517,109.77,74.05,-45.314,6,1
-2.5627,-0.13519,45.513,110.1,74.223,-45.318,6,1
-2.3954,0.03547,45.337,110.26,74.393,-45.494,6,1
-3.066,0.19107,45.331,109.59,74.549,-45.5,7,1
-2.3954,0.03547,45.337,110.26,74.393,-45.494,7,1
-2.8962,0.026955,45.336,109.76,74.385,-45.495,7,1
-2.2433,0.53738,45.667,110.42,74.895,-45.164,7,1
-2.7293,0.029793,45.336,109.93,74.388,-45.494,7,1
-2.7296,-0.13803,45.512,109.93,74.22,-45.318,7,1
-3.0664,0.02324,45.507,109.59,74.381,-45.324,7,1
-2.3986,0.034592,45.508,110.26,74.393,-45.322,7,1
-2.562,0.20046,45.16,110.1,74.558,-45.67,7,1
-2.5627,-0.13519,45.513,110.1,74.223,-45.318,7,1
-2.5595,-0.13431,45.341,110.1,74.224,-45.49,8,1
-2.2288,-0.12952,45.513,110.43,74.228,-45.317,8,1
-2.232,-0.1304,45.685,110.43,74.228,-45.146,8,1
-2.5542,-0.63603,45.526,110.11,73.722,-45.304,8,1
-3.0547,-0.47672,45.349,109.61,73.881,-45.481,8,1
-2.5715,0.19782,45.675,110.09,74.556,-45.156,8,1
-2.3986,0.034592,45.508,110.26,74.393,-45.322,8,1
-2.7325,0.028916,45.508,109.93,74.387,-45.323,8,1
-2.3957,-0.13235,45.513,110.26,74.226,-45.318,8,1
-2.9026,0.025193,45.679,109.76,74.383,-45.152,8,1
-2.7353,0.19586,45.503,109.92,74.554,-45.327,9,1
-2.5655,0.031754,45.508,110.09,74.39,-45.323,9,1
-2.2288,-0.12952,45.513,110.43,74.228,-45.317,9,1
-2.5627,-0.13519,45.513,110.1,74.223,-45.318,9,1
-2.5598,-0.30214,45.517,110.1,74.056,-45.313,9,1
-2.5627,-0.13519,45.513,110.1,74.223,-45.318,9,1
-2.7296,-0.13803,45.512,109.93,74.22,-45.318,9,1
-2.4014,0.20154,45.504,110.26,74.56,-45.327,9,1
-2.7388,0.027154,45.851,109.92,74.385,-44.98,9,1
-2.5652,0.19958,45.332,110.09,74.558,-45.499,9,1
-2.7325,0.028916,45.508,109.93,74.387,-45.323,10,1
-2.7268,-0.30498,45.517,109.93,74.053,-45.314,10,1
-2.5655,0.031754,45.508,110.09,74.39,-45.323,10,1
-2.73,-0.30586,45.688,109.93,74.052,-45.142,10,1
-2.5538,-0.46821,45.35,110.11,73.89,-45.48,10,1
-2.5623,0.032631,45.337,110.1,74.391,-45.494,10,1
-2.5538,-0.46821,45.35,110.11,73.89,-45.48,10,1
-2.7378,0.53063,45.323,109.92,74.889,-45.508,10,1
-2.7328,-0.13892,45.684,109.93,74.219,-45.147,10,1
-2.5652,0.19958,45.332,110.09,74.558,-45.499,10,1
-2.3986,0.034592,45.508,110.26,74.393,-45.322,11,1
-2.5595,-0.13431,45.341,110.1,74.224,-45.49,11,1
-2.7296,-0.13803,45.512,109.93,74.22,-45.318,11,1
-2.7353,0.19586,45.503,109.92,74.554,-45.327,11,1
-2.3989,-0.13324,45.684,110.26,74.225,-45.146,11,1
-2.5627,-0.13519,45.513,110.1,74.223,-45.318,11,1
-2.9118,0.19038,46.017,109.75,74.548,-44.813,11,1
-2.2348,0.036545,45.68,110.43,74.395,-45.15,11,1
-2.5712,0.36564,45.499,110.09,74.724,-45.332,11,1
-2.5602,-0.46997,45.693,110.1,73.888,-45.137,11,1
-2.7356,0.028031,45.679,109.92,74.386,-45.151,12,1
-2.7293,0.029793,45.336,109.93,74.388,-45.494,12,1
-2.8994,0.026078,45.507,109.76,74.384,-45.323,12,1
-2.7204,-0.30321,45.174,109.94,74.055,-45.657,12,1
-3.0635,-0.14371,45.512,109.6,74.214,-45.319,12,1
-2.3932,-0.46713,45.694,110.27,73.891,-45.137,12,1
-2.7268,-0.30498,45.517,109.93,74.053,-45.314,12,1
-2.7328,-0.13892,45.684,109.93,74.219,-45.147,12,1
-2.7416,0.1941,45.846,109.92,74.552,-44.984,12,1
-2.3986,0.034592,45.508,110.26,74.393,-45.322,12,1
-2.8941,-0.47565,45.693,109.77,73.882,-45.138,13,1
-2.2066,-0.12335,44.313,110.45,74.235,-46.518,13,1
-2.7236,-0.3041,45.345,109.94,74.054,-45.485,13,1
-2.73,-0.30586,45.688,109.93,74.052,-45.142,13,1
-2.8877,-0.47388,45.35,109.77,73.884,-45.481,13,1
-2.5627,-0.13519,45.513,110.1,74.223,-45.318,13,1
-2.5627,-0.13519,45.513,110.1,74.223,-45.318,13,1
-2.8877,-0.47388,45.35,109.77,73.884,-45.481,13,1
-2.8994,0.026078,45.507,109.76,74.384,-45.323,13,1
-2.3926,-0.13148,45.341,110.27,74.227,-45.489,13,1
-2.7246,-0.80757,45.874,109.94,73.55,-44.957,14,1
-2.3957,-0.13235,45.513,110.26,74.226,-45.318,14,1
-2.8969,-0.3087,45.688,109.76,74.049,-45.143,14,1
-2.9054,0.19214,45.674,109.75,74.55,-45.156,14,1
-2.7325,0.028916,45.508,109.93,74.387,-45.323,14,1
-3.0724,0.18931,45.674,109.59,74.547,-45.157,14,1
-2.5595,-0.13431,45.341,110.1,74.224,-45.49,14,1
-2.7268,-0.30498,45.517,109.93,74.053,-45.314,14,1
-2.7356,0.028031,45.679,109.92,74.386,-45.151,14,1
-2.8994,0.026078,45.507,109.76,74.384,-45.323,14,1
-2.5694,-0.30479,46.032,110.09,74.053,-44.799,15,1
-2.7296,-0.13803,45.512,109.93,74.22,-45.318,15,1
-2.7331,-0.30674,45.86,109.93,74.051,-44.971,15,1
-2.5659,-0.13608,45.684,110.09,74.222,-45.147,15,1
-2.9054,0.19214,45.674,109.75,74.55,-45.156,15,1
-2.7328,-0.13892,45.684,109.93,74.219,-45.147,15,1
-2.7356,0.028031,45.679,109.92,74.386,-45.151,15,1
-2.7381,0.3628,45.499,109.92,74.721,-45.332,15,1
-2.7328,-0.13892,45.684,109.93,74.219,-45.147,15,1
-2.4074,0.36759,45.671,110.25,74.726,-45.16,15,1
-3.0695,0.022362,45.679,109.59,74.38,-45.152,16,1
-2.8998,-0.14175,45.684,109.76,74.216,-45.147,16,1
-2.5684,0.1987,45.504,110.09,74.557,-45.327,16,1
-2.5507,-0.46732,45.179,110.11,73.891,-45.652,16,1
-2.8994,0.026078,45.507,109.76,74.384,-45.323,16,1
-3.0518,-0.64366,45.354,109.61,73.714,-45.477,16,1
-2.5627,-0.13519,45.513,110.1,74.223,-45.318,16,1
-2.73,-0.30586,45.688,109.93,74.052,-45.142,16,1
-3.0695,0.022362,45.679,109.59,74.38,-45.152,16,1
-3.2422,0.35341,45.669,109.42,74.711,-45.161,16,1
-2.8874,-0.30605,45.173,109.77,74.052,-45.657,17,1
-2.8972,-0.47652,45.864,109.76,73.881,-44.967,17,1
-3.233,0.18823,45.331,109.43,74.546,-45.5,17,1
-2.5687,0.030869,45.68,110.09,74.389,-45.151,17,1
-2.9086,0.19126,45.846,109.75,74.549,-44.985,17,1
-2.9054,0.19214,45.674,109.75,74.55,-45.156,17,1
-2.9026,0.025193,45.679,109.76,74.383,-45.152,17,1
-3.228,-0.48131,45.692,109.43,73.877,-45.139,17,1
-3.0664,0.02324,45.507,109.59,74.381,-45.324,17,1
-2.7236,-0.3041,45.345,109.94,74.054,-45.485,17,1
-2.9026,0.025193,45.679,109.76,74.383,-45.152,18,1
-2.73,-0.30586,45.688,109.93,74.052,-45.142,18,1
-2.9026,0.025193,45.679,109.76,74.383,-45.152,18,1
-2.8937,-0.30782,45.517,109.77,74.05,-45.314,18,1
-2.3901,-0.46625,45.522,110.27,73.892,-45.309,18,1
-2.8937,-0.30782,45.517,109.77,74.05,-45.314,18,1
-2.3989,-0.13324,45.684,110.26,74.225,-45.146,18,1
-3.0635,-0.14371,45.512,109.6,74.214,-45.319,18,1
-2.8998,-0.14175,45.684,109.76,74.216,-45.147,18,1
-2.9023,0.19302,45.503,109.76,74.551,-45.328,18,1
-2.7261,0.030678,45.165,109.93,74.389,-45.666,19,1
-2.3989,-0.13324,45.684,110.26,74.225,-45.146,19,1
-2.563,-0.30302,45.689,110.1,74.055,-45.142,19,1
-2.5627,-0.13519,45.513,110.1,74.223,-45.318,19,1
-2.9051,0.35996,45.498,109.75,74.718,-45.332,19,1
-2.4049,0.03283,45.851,110.25,74.391,-44.979,19,1
-2.8909,-0.47476,45.521,109.77,73.883,-45.31,19,1
-3.3889,-0.65022,45.525,109.27,73.708,-45.306,19,1
-2.9058,0.024315,45.85,109.75,74.382,-44.98,19,1
-2.7353,0.19586,45.503,109.92,74.554,-45.327,19,1
-5.0954,26.397,39.982,107.56,100.75,-50.848,1,2
-5.4318,26.726,39.801,107.23,101.08,-51.03,1,2
-5.5927,26.557,39.634,107.07,100.92,-51.197,1,2
-5.2655,26.393,40.153,107.39,100.75,-50.677,1,2
-5.4264,26.224,39.986,107.23,100.58,-50.845,1,2
-5.4261,26.392,39.81,107.23,100.75,-51.021,1,2
-5.4264,26.224,39.986,107.23,100.58,-50.845,1,2
-5.5994,26.387,40.153,107.06,100.75,-50.678,1,2
-5.2648,26.729,39.801,107.4,101.09,-51.029,1,2
-4.9196,26.067,39.82,107.74,100.42,-51.011,1,2
-13.754,24.914,40.002,98.906,99.272,-50.829,2,2
-13.593,25.25,39.993,99.067,99.608,-50.838,2,2
-13.763,25.247,40.164,98.897,99.605,-50.666,2,2
-13.918,24.744,40.006,98.742,99.102,-50.825,2,2
-13.92,25.079,39.825,98.739,99.437,-51.005,2,2
-14.266,25.405,40.159,98.394,99.763,-50.672,2,2
-13.936,25.41,40.331,98.724,99.768,-50.5,2,2
-13.762,25.582,39.812,98.898,99.94,-51.019,2,2
-13.927,25.077,40.168,98.733,99.435,-50.662,2,2
-13.757,24.913,40.173,98.903,99.271,-50.657,2,2
-20.709,21.12,40.431,91.95,95.478,-50.399,3,2
-21.043,21.114,40.431,91.617,95.472,-50.4,3,2
-20.706,21.121,40.26,91.954,95.479,-50.571,3,2
-21.044,20.946,40.607,91.616,95.304,-50.224,3,2
-20.709,21.288,40.255,91.951,95.646,-50.575,3,2
-21.038,20.78,40.44,91.622,95.138,-50.391,3,2
-20.709,21.12,40.431,91.95,95.478,-50.399,3,2
-20.879,21.284,40.426,91.781,95.642,-50.404,3,2
-20.707,20.785,40.612,91.953,95.143,-50.219,3,2
-20.706,21.289,40.084,91.954,95.647,-50.747,3,2
-25.745,13.355,40.116,86.915,87.713,-50.715,4,2
-25.927,13.684,40.621,86.733,88.042,-50.21,4,2
-25.584,13.524,40.283,87.076,87.882,-50.547,4,2
-25.722,13.361,38.915,86.937,87.719,-51.915,4,2
-25.748,13.354,40.287,86.912,87.712,-50.543,4,2
-25.592,14.025,40.27,87.068,88.383,-50.561,4,2
-25.256,13.864,40.275,87.404,88.222,-50.556,4,2
-25.581,13.189,40.464,87.079,87.547,-50.367,4,2
-25.918,13.351,40.459,86.742,87.709,-50.372,4,2
-25.75,13.689,40.107,86.91,88.047,-50.724,4,2
-28.11,5.1323,40.334,84.55,79.49,-50.497,5,2
-28.107,5.1331,40.162,84.553,79.491,-50.668,5,2
-28.28,5.1285,40.505,84.38,79.487,-50.326,5,2
-27.943,5.1351,40.334,84.717,79.493,-50.496,5,2
-27.77,4.8041,40.344,84.89,79.162,-50.487,5,2
-27.617,5.8094,40.145,85.043,80.167,-50.685,5,2
-28.113,5.1314,40.505,84.547,79.489,-50.325,5,2
-28.113,5.1314,40.505,84.547,79.489,-50.325,5,2
-27.942,5.3029,40.158,84.717,79.661,-50.672,5,2
-27.776,5.1379,40.335,84.884,79.496,-50.496,5,2
-27.268,-4.5365,40.085,85.392,69.821,-50.746,6,2
-26.611,-3.8574,40.068,86.048,70.501,-50.763,6,2
-26.79,-3.5281,40.401,85.87,70.83,-50.429,6,2
-27.113,-4.0338,40.243,85.547,70.324,-50.588,6,2
-26.773,-4.1941,40.076,85.887,70.164,-50.754,6,2
-26.951,-3.5292,40.058,85.709,70.829,-50.773,6,2
-26.623,-3.5253,40.402,86.036,70.833,-50.429,6,2
-26.609,-4.1922,40.248,86.051,70.166,-50.582,6,2
-26.779,-4.1959,40.419,85.881,70.162,-50.411,6,2
-26.945,-3.8631,40.067,85.715,70.495,-50.764,6,2
-22.62,-12.137,39.788,90.04,62.221,-51.043,7,2
-22.784,-11.971,39.44,89.876,62.387,-51.391,7,2
-23.118,-12.144,39.616,89.542,62.214,-51.215,7,2
-22.62,-11.969,39.612,90.04,62.389,-51.219,7,2
-22.787,-12.14,39.788,89.873,62.218,-51.043,7,2
-23.118,-11.977,39.439,89.542,62.381,-51.391,7,2
-23.455,-12.151,39.786,89.205,62.207,-51.044,7,2
-23.466,-11.483,39.768,89.194,62.875,-51.062,7,2
-23.118,-12.312,39.792,89.542,62.046,-51.039,7,2
-22.954,-12.142,39.787,89.706,62.216,-51.043,7,2
-16.476,-19.378,39.485,96.184,54.981,-51.345,8,2
-16.484,-18.709,39.296,96.176,55.649,-51.535,8,2
-16.314,-18.873,39.3,96.346,55.485,-51.53,8,2
-16.634,-19.546,39.146,96.026,54.812,-51.684,8,2
-16.642,-19.213,39.309,96.017,55.145,-51.522,8,2
-16.976,-19.218,39.308,95.684,55.14,-51.522,8,2
-16.646,-19.381,39.657,96.014,54.977,-51.174,8,2
-16.473,-19.544,39.49,96.187,54.814,-51.341,8,2
-17.137,-19.387,39.141,95.523,54.971,-51.69,8,2
-16.807,-19.55,39.489,95.853,54.808,-51.341,8,2
-9.0328,-24.425,39.126,103.63,49.933,-51.705,9,2
-8.7134,-23.753,39.28,103.95,50.605,-51.551,9,2
-8.8772,-23.755,39.108,103.78,50.603,-51.722,9,2
-8.7042,-23.918,38.942,103.96,50.44,-51.889,9,2
-9.0441,-23.758,39.108,103.62,50.601,-51.723,9,2
-8.5313,-24.081,38.775,104.13,50.277,-52.056,9,2
-8.6982,-24.084,38.775,103.96,50.274,-52.056,9,2
-8.5345,-24.082,38.946,104.13,50.276,-51.884,9,2
-8.5288,-24.416,38.956,104.13,49.942,-51.875,9,2
-8.8658,-24.422,39.126,103.79,49.936,-51.704,9,2
0.019798,-26.107,38.851,112.68,48.251,-51.98,10,2
0.022636,-26.274,38.855,112.68,48.084,-51.976,10,2
-0.14932,-25.607,38.494,112.51,48.751,-52.337,10,2
0.18674,-26.104,38.851,112.85,48.254,-51.98,10,2
0.019798,-26.107,38.851,112.68,48.251,-51.98,10,2
-0.14398,-26.109,38.679,112.52,48.249,-52.152,10,2
0.19275,-26.27,38.684,112.85,48.088,-52.147,10,2
0.19275,-26.27,38.684,112.85,48.088,-52.147,10,2
-0.31159,-26.447,39.031,112.35,47.911,-51.8,10,2
0.0233,-25.938,38.503,112.68,48.42,-52.328,10,2
8.6931,-25.123,38.502,121.35,49.235,-52.329,11,2
8.3535,-24.794,38.492,121.01,49.564,-52.339,11,2
8.6902,-24.956,38.497,121.35,49.402,-52.334,11,2
8.5173,-24.792,38.664,121.18,49.566,-52.167,11,2
9.0241,-24.95,38.498,121.68,49.408,-52.333,11,2
8.6786,-24.456,38.655,121.34,49.902,-52.176,11,2
8.1869,-24.629,38.316,120.85,49.729,-52.515,11,2
8.1834,-24.798,38.663,120.84,49.56,-52.168,11,2
8.5205,-24.792,38.492,121.18,49.566,-52.338,11,2
8.6871,-24.957,38.669,121.35,49.401,-52.162,11,2
15.962,-20.658,38.569,128.62,53.7,-52.261,12,2
15.634,-20.662,38.226,128.29,53.696,-52.605,12,2
15.631,-20.663,38.397,128.29,53.695,-52.434,12,2
15.622,-20.33,38.56,128.28,54.028,-52.271,12,2
15.798,-20.828,38.573,128.46,53.53,-52.257,12,2
15.631,-20.495,38.221,128.29,53.863,-52.61,12,2
15.795,-20.661,38.569,128.45,53.697,-52.262,12,2
15.971,-20.823,38.231,128.63,53.535,-52.6,12,2
15.13,-20.504,38.22,127.79,53.855,-52.611,12,2
15.628,-20.496,38.393,128.29,53.862,-52.438,12,2
20.69,-13.898,38.397,133.35,60.46,-52.434,13,2
20.355,-14.071,38.572,133.02,60.287,-52.259,13,2
20.525,-14.068,38.401,133.19,60.29,-52.43,13,2
20.687,-13.731,38.392,133.35,60.627,-52.439,13,2
20.523,-13.733,38.22,133.18,60.625,-52.61,13,2
20.525,-14.236,38.577,133.19,60.122,-52.254,13,2
20.859,-14.062,38.402,133.52,60.296,-52.429,13,2
20.851,-13.393,38.212,133.51,60.965,-52.619,13,2
20.689,-14.066,38.573,133.35,60.292,-52.258,13,2
20.86,-13.894,38.225,133.52,60.464,-52.605,13,2
22.723,-6.0155,38.359,135.38,68.343,-52.472,14,2
22.554,-5.8514,38.354,135.21,68.507,-52.477,14,2
22.885,-5.5109,38.174,135.54,68.847,-52.657,14,2
22.053,-5.6921,38.177,134.71,68.666,-52.654,14,2
22.882,-5.5118,38.345,135.54,68.846,-52.485,14,2
23.048,-5.6768,38.522,135.71,68.681,-52.309,14,2
22.709,-5.3486,38.512,135.37,69.009,-52.319,14,2
22.718,-5.6816,38.35,135.38,68.676,-52.481,14,2
22.39,-5.8534,38.182,135.05,68.505,-52.649,14,2
22.714,-5.6825,38.521,135.37,68.676,-52.31,14,2
21.72,3.1488,38.793,134.38,77.507,-52.038,15,2
21.551,3.6485,38.436,134.21,78.007,-52.395,15,2
21.72,3.3166,38.617,134.38,77.675,-52.214,15,2
21.887,3.3194,38.617,134.55,77.677,-52.214,15,2
22.048,3.4883,38.784,134.71,77.846,-52.046,15,2
21.896,2.9864,38.455,134.56,77.344,-52.376,15,2
21.881,3.6533,38.608,134.54,78.011,-52.223,15,2
21.711,3.4818,38.955,134.37,77.84,-51.875,15,2
21.725,2.8149,38.802,134.39,77.173,-52.029,15,2
21.893,3.1534,38.45,134.55,77.511,-52.381,15,2
17.89,11.765,39.064,130.55,86.123,-51.767,16,2
18.066,11.435,38.902,130.73,85.793,-51.929,16,2
17.893,11.766,38.892,130.55,86.124,-51.938,16,2
17.893,11.934,38.716,130.55,86.292,-52.115,16,2
17.729,11.764,38.72,130.39,86.122,-52.11,16,2
17.891,12.1,38.712,130.55,86.458,-52.119,16,2
17.89,11.933,38.888,130.55,86.291,-51.943,16,2
17.717,11.76,39.406,130.38,86.118,-51.424,16,2
17.727,12.099,38.54,130.39,86.457,-52.291,16,2
17.726,11.763,38.892,130.39,86.121,-51.939,16,2
11.412,19,39.366,124.07,93.358,-51.465,17,2
11.58,19.506,38.838,124.24,93.864,-51.993,17,2
11.586,19.34,38.671,124.25,93.698,-52.16,17,2
11.742,19.005,39.538,124.4,93.363,-51.293,17,2
11.576,19.505,39.009,124.24,93.863,-51.821,17,2
11.406,19.502,39.181,124.07,93.86,-51.65,17,2
11.749,19.342,38.843,124.41,93.7,-51.988,17,2
11.397,19.499,39.695,124.06,93.857,-51.136,17,2
11.735,20.009,38.996,124.39,94.367,-51.835,17,2
11.569,19.168,39.705,124.23,93.526,-51.126,17,2
3.6403,23.708,39.733,116.3,98.066,-51.097,18,2
3.4677,24.039,39.724,116.13,98.397,-51.107,18,2
3.6321,24.377,39.544,116.29,98.735,-51.287,18,2
3.2951,24.37,39.715,115.95,98.728,-51.116,18,2
2.9644,24.365,39.542,115.62,98.723,-51.288,18,2
3.1278,24.2,39.89,115.79,98.558,-50.94,18,2
3.2922,24.537,39.71,115.95,98.895,-51.121,18,2
3.6201,24.709,39.878,116.28,99.067,-50.953,18,2
2.964,24.198,39.719,115.62,98.556,-51.112,18,2
3.4617,24.205,39.891,116.12,98.563,-50.94,18,2
-5.4264,26.224,39.986,107.23,100.58,-50.845,19,2
-5.257,25.892,40.167,107.4,100.25,-50.664,19,2
-5.2528,26.397,39.467,107.41,100.75,-51.363,19,2
-5.5845,25.888,39.823,107.08,100.25,-51.007,19,2
-5.5909,25.887,40.166,107.07,100.24,-50.664,19,2
-5.4261,26.392,39.81,107.23,100.75,-51.021,19,2
-5.4204,26.058,39.819,107.24,100.42,-51.011,19,2
-5.4211,25.722,40.171,107.24,100.08,-50.659,19,2
-5.2602,25.891,40.339,107.4,100.25,-50.492,19,2
-5.4176,25.891,39.824,107.24,100.25,-51.007,19,2
-6.948,45.315,22.998,105.71,119.67,-67.833,1,3
-6.7785,44.983,23.179,105.88,119.34,-67.652,1,3
-6.9511,45.314,23.17,105.71,119.67,-67.661,1,3
-7.2758,45.143,22.83,105.38,119.5,-68,1,3
-7.1121,45.145,23.002,105.55,119.5,-67.828,1,3
-7.1064,44.811,23.011,105.55,119.17,-67.819,1,3
-6.9451,45.148,23.003,105.71,119.51,-67.828,1,3
-6.9508,45.482,22.993,105.71,119.84,-67.837,1,3
-6.7835,45.653,22.818,105.88,120.01,-68.013,1,3
-6.6172,45.32,23.17,106.04,119.68,-67.66,1,3
-21.281,42.897,23.715,91.379,117.26,-67.115,2,3
-21.782,42.889,23.714,90.878,117.25,-67.116,2,3
-21.776,42.89,23.371,90.884,117.25,-67.459,2,3
-21.456,43.395,23.701,91.203,117.75,-67.129,2,3
-21.948,43.221,23.362,90.712,117.58,-67.469,2,3
-21.614,43.227,23.363,91.046,117.59,-67.468,2,3
-21.447,43.23,23.363,91.213,117.59,-67.468,2,3
-21.936,42.721,23.204,90.723,117.08,-67.627,2,3
-21.781,43.392,23.186,90.879,117.75,-67.645,2,3
-21.951,43.221,23.533,90.709,117.58,-67.297,2,3
-34.518,35.491,24.057,78.142,109.85,-66.774,3,3
-34.681,35.656,23.709,77.979,110.01,-67.122,3,3
-34.174,35.499,23.543,78.486,109.86,-67.288,3,3
-34.187,35.663,24.053,78.473,110.02,-66.778,3,3
-34.678,35.489,23.713,77.982,109.85,-67.118,3,3
-34.679,35.322,23.889,77.981,109.68,-66.941,3,3
-34.341,35.496,23.542,78.319,109.85,-67.288,3,3
-34.681,35.656,23.709,77.979,110.01,-67.122,3,3
-34.526,35.991,24.043,78.134,110.35,-66.788,3,3
-34.35,35.997,23.529,78.31,110.35,-67.302,3,3
-42.841,24.664,23.817,69.819,99.022,-67.014,4,3
-43.002,24.159,24.001,69.658,98.517,-66.829,4,3
-43.166,23.99,24.006,69.493,98.348,-66.825,4,3
-43.33,23.988,23.834,69.33,98.346,-66.997,4,3
-42.832,24.331,23.654,69.828,98.689,-67.177,4,3
-43.011,24.828,23.812,69.649,99.186,-67.019,4,3
-42.832,24.331,23.654,69.828,98.689,-67.177,4,3
-43.163,24.158,23.658,69.497,98.516,-67.173,4,3
-42.832,24.163,23.83,69.828,98.521,-67,4,3
-43.494,23.986,23.662,69.166,98.344,-67.169,4,3
-46.746,9.5715,23.532,65.914,83.93,-67.299,5,3
-46.421,9.9102,23.695,66.239,84.268,-67.136,5,3
-46.595,9.9056,24.038,66.065,84.264,-66.793,5,3
-46.582,9.7413,23.528,66.078,84.099,-67.303,5,3
-46.076,9.2481,23.714,66.584,83.606,-67.117,5,3
-46.746,9.5715,23.532,65.914,83.93,-67.299,5,3
-46.579,9.5743,23.532,66.081,83.932,-67.299,5,3
-46.58,9.4065,23.708,66.08,83.765,-67.123,5,3
-46.746,9.5715,23.532,65.914,83.93,-67.299,5,3
-46.252,9.5782,23.876,66.408,83.936,-66.955,5,3
-45.31,-5.7658,23.61,67.35,68.592,-67.221,6,3
-45.302,-6.2666,23.623,67.358,68.091,-67.207,6,3
-44.806,-5.7564,23.439,67.854,68.602,-67.392,6,3
-45.137,-5.929,23.443,67.523,68.429,-67.388,6,3
-44.809,-5.7573,23.611,67.851,68.601,-67.22,6,3
-44.803,-5.9234,23.444,67.857,68.435,-67.387,6,3
-44.803,-5.9234,23.444,67.857,68.435,-67.387,6,3
-44.981,-5.0906,23.249,67.679,69.267,-67.582,6,3
-44.803,-5.9234,23.444,67.857,68.435,-67.387,6,3
-44.973,-5.7593,23.439,67.687,68.599,-67.392,6,3
-38.52,-21.177,23.188,74.14,53.181,-67.643,7,3
-38.516,-21.176,23.016,74.144,53.182,-67.815,7,3
-38.526,-21.011,23.355,74.134,53.347,-67.476,7,3
-38.525,-20.675,23.003,74.135,53.683,-67.828,7,3
-38.011,-21.837,23.378,74.649,52.521,-67.452,7,3
-38.194,-20.502,22.999,74.466,53.856,-67.832,7,3
-38.185,-21.003,23.012,74.475,53.355,-67.818,7,3
-38.185,-21.003,23.012,74.475,53.355,-67.818,7,3
-38.338,-21.673,22.859,74.322,52.685,-67.972,7,3
-38.355,-21.007,23.183,74.304,53.351,-67.647,7,3
-26.941,-33.333,22.689,85.718,41.025,-68.142,8,3
-27.105,-33.335,22.517,85.555,41.023,-68.314,8,3
-27.275,-33.339,22.688,85.385,41.019,-68.142,8,3
-26.768,-33.496,22.522,85.891,40.862,-68.308,8,3
-26.769,-33.664,22.698,85.891,40.694,-68.132,8,3
-27.094,-34.003,22.535,85.566,40.355,-68.295,8,3
-27.276,-33.507,22.864,85.384,40.851,-67.966,8,3
-26.939,-33.5,22.693,85.721,40.858,-68.137,8,3
-27.103,-33.67,22.698,85.557,40.688,-68.133,8,3
-26.769,-33.832,22.874,85.891,40.526,-67.956,8,3
-13.425,-41.616,22.089,99.235,32.742,-68.741,9,3
-13.413,-41.948,21.755,99.247,32.41,-69.075,9,3
-12.922,-41.942,22.271,99.738,32.416,-68.56,9,3
-12.925,-41.775,22.266,99.735,32.583,-68.564,9,3
-13.255,-41.78,22.094,99.404,32.578,-68.737,9,3
-13.261,-41.446,22.085,99.399,32.912,-68.746,9,3
-13.249,-41.946,21.927,99.41,32.412,-68.904,9,3
-13.259,-41.781,22.266,99.401,32.577,-68.565,9,3
-13.423,-42.118,22.446,99.237,32.24,-68.385,9,3
-12.755,-41.771,22.095,99.905,32.587,-68.736,9,3
2.3335,-44.853,21.872,114.99,29.505,-68.958,10,3
2.5153,-45.349,21.543,115.18,29.009,-69.287,10,3
2.509,-45.351,21.886,115.17,29.007,-68.944,10,3
2.342,-45.354,21.886,115,29.004,-68.945,10,3
2.342,-45.354,21.886,115,29.004,-68.945,10,3
2.5118,-45.518,21.891,115.17,28.84,-68.94,10,3
2.4973,-44.851,22.044,115.16,29.507,-68.787,10,3
2.5125,-45.182,21.539,115.17,29.176,-69.292,10,3
2.3395,-45.019,21.705,115,29.339,-69.125,10,3
2.3335,-44.853,21.872,114.99,29.505,-68.958,10,3
17.178,-43.43,21.526,129.84,30.928,-69.304,11,3
17.006,-42.931,21.341,129.67,31.427,-69.49,11,3
17.34,-42.926,21.341,130,31.432,-69.489,11,3
17.17,-42.762,21.337,129.83,31.596,-69.494,11,3
17.006,-42.931,21.341,129.67,31.427,-69.49,11,3
17.352,-43.258,21.007,130.01,31.1,-69.823,11,3
17.179,-43.095,21.174,129.84,31.263,-69.657,11,3
17.51,-42.922,21.17,130.17,31.436,-69.66,11,3
17.334,-42.424,21.156,129.99,31.934,-69.674,11,3
17.346,-43.092,21.174,130.01,31.266,-69.656,11,3
29.571,-35.705,21.346,142.23,38.653,-69.485,12,3
29.575,-35.536,20.998,142.23,38.822,-69.832,12,3
29.574,-35.704,21.174,142.23,38.654,-69.656,12,3
29.238,-35.375,20.993,141.9,38.983,-69.838,12,3
29.401,-35.541,21.341,142.06,38.817,-69.49,12,3
29.741,-35.701,21.175,142.4,38.657,-69.656,12,3
29.237,-35.711,21.345,141.9,38.648,-69.485,12,3
29.413,-36.041,21.183,142.07,38.317,-69.648,12,3
29.416,-36.208,21.188,142.08,38.15,-69.643,12,3
29.583,-36.037,21.012,142.24,38.321,-69.819,12,3
38.057,-23.87,20.873,150.72,50.488,-69.958,13,3
38.227,-24.034,20.878,150.89,50.324,-69.953,13,3
37.889,-24.209,21.225,150.55,50.149,-69.606,13,3
38.233,-24.2,20.711,150.89,50.158,-70.12,13,3
37.898,-24.374,20.886,150.56,49.984,-69.945,13,3
38.063,-24.204,20.882,150.72,50.154,-69.949,13,3
38.221,-23.868,21.045,150.88,50.49,-69.786,13,3
37.89,-24.041,21.049,150.55,50.317,-69.782,13,3
38.554,-24.03,21.221,151.21,50.328,-69.609,13,3
37.719,-24.045,21.22,150.38,50.313,-69.611,13,3
41.977,-9.6125,21.18,154.64,64.746,-69.65,14,3
41.815,-9.9492,21.189,154.48,64.409,-69.642,14,3
41.658,-10.117,20.85,154.32,64.241,-69.98,14,3
41.479,-9.7879,21.184,154.14,64.57,-69.647,14,3
41.649,-9.7842,21.013,154.31,64.574,-69.818,14,3
41.479,-9.6201,21.008,154.14,64.738,-69.823,14,3
41.309,-9.6238,21.179,153.97,64.734,-69.652,14,3
41.312,-9.4551,20.831,153.97,64.903,-69.999,14,3
41.145,-9.7936,21.183,153.8,64.564,-69.647,14,3
41.655,-9.9503,20.846,154.31,64.408,-69.985,14,3
40.037,5.7154,21.273,152.7,80.073,-69.558,15,3
40.037,5.7154,21.273,152.7,80.073,-69.558,15,3
40.198,6.0522,21.264,152.86,80.41,-69.566,15,3
39.875,5.2109,21.458,152.53,79.569,-69.373,15,3
40.203,5.5504,21.45,152.86,79.908,-69.381,15,3
40.197,5.7165,21.616,152.86,80.075,-69.214,15,3
39.53,6.0408,21.263,152.19,80.399,-69.568,15,3
40.04,5.8841,20.926,152.7,80.242,-69.905,15,3
40.374,5.722,21.102,153.03,80.08,-69.728,15,3
39.878,5.2118,21.286,152.54,79.57,-69.544,15,3
33.237,21.291,22.033,145.9,95.649,-68.797,16,3
33.585,20.798,21.705,146.25,95.156,-69.126,16,3
33.079,21.123,21.695,145.74,95.481,-69.136,16,3
33.589,20.799,21.533,146.25,95.157,-69.298,16,3
32.909,21.287,21.69,145.57,95.645,-69.141,16,3
33.243,21.125,21.866,145.9,95.483,-68.964,16,3
33.076,21.29,21.69,145.74,95.648,-69.141,16,3
32.914,20.618,22.051,145.57,94.976,-68.78,16,3
33.082,20.956,21.699,145.74,95.314,-69.132,16,3
33.24,21.46,21.686,145.9,95.818,-69.145,16,3
22.166,33.458,22.19,134.83,107.82,-68.64,17,3
22.342,33.128,22.028,135,107.49,-68.803,17,3
22.506,33.466,21.848,135.17,107.82,-68.983,17,3
22.169,33.291,22.195,134.83,107.65,-68.636,17,3
21.826,33.786,22.18,134.49,108.14,-68.65,17,3
22.163,33.457,22.362,134.82,107.82,-68.469,17,3
21.999,33.455,22.19,134.66,107.81,-68.641,17,3
21.998,33.288,22.366,134.66,107.65,-68.465,17,3
22.506,33.298,22.024,135.17,107.66,-68.807,17,3
21.665,33.282,22.365,134.32,107.64,-68.465,17,3
7.8148,41.727,22.788,120.47,116.08,-68.042,18,3
7.8095,42.228,22.603,120.47,116.59,-68.228,18,3
7.4781,41.888,22.783,120.14,116.25,-68.048,18,3
8.143,42.066,22.78,120.8,116.42,-68.051,18,3
7.4813,41.889,22.611,120.14,116.25,-68.219,18,3
7.8088,41.893,22.955,120.47,116.25,-67.875,18,3
7.8268,41.395,22.454,120.49,115.75,-68.376,18,3
7.8116,41.726,22.96,120.47,116.08,-67.871,18,3
7.6567,41.391,22.625,120.32,115.75,-68.205,18,3
8.3217,41.569,22.622,120.98,115.93,-68.208,18,3
-7.2939,45.641,23.331,105.37,120,-67.499,19,3
-7.2847,45.476,22.993,105.38,119.83,-67.838,19,3
-7.4523,45.138,23.345,105.21,119.5,-67.486,19,3
-6.9536,45.649,22.989,105.71,120.01,-67.842,19,3
-6.9426,44.813,23.183,105.72,119.17,-67.647,19,3
-7.4406,44.638,23.187,105.22,119,-67.644,19,3
-7.1237,45.645,23.16,105.54,120,-67.671,19,3
-7.1117,45.313,22.826,105.55,119.67,-68.004,19,3
-7.1212,45.31,23.341,105.54,119.67,-67.49,19,3
-7.2847,45.476,22.993,105.38,119.83,-67.838,19,3
-8.1538,52.584,0.15797,104.51,126.94,-90.673,1,4
-7.1407,51.934,0.17812,105.52,126.29,-90.653,1,4
-7.4892,52.595,0.33081,105.17,126.95,-90.5,1,4
-7.6473,52.259,0.16805,105.01,126.62,-90.663,1,4
-7.6561,52.592,0.33048,105,126.95,-90.5,1,4
-7.4803,52.262,0.16837,105.18,126.62,-90.662,1,4
-7.4832,52.429,0.16382,105.18,126.79,-90.667,1,4
-7.6504,52.258,0.33958,105.01,126.62,-90.491,1,4
-7.475,51.76,0.35355,105.18,126.12,-90.477,1,4
-7.6498,52.594,-0.012576,105.01,126.95,-90.843,1,4
-24.305,49.637,0.37078,88.355,124,-90.46,2,4
-24.308,49.636,0.5423,88.352,123.99,-90.288,2,4
-24.651,50.131,0.528,88.009,124.49,-90.303,2,4
-24.308,49.804,0.36623,88.352,124.16,-90.464,2,4
-24.311,49.803,0.53775,88.349,124.16,-90.293,2,4
-24.142,49.471,0.7187,88.518,123.83,-90.112,2,4
-24.645,49.797,0.5371,88.015,124.16,-90.294,2,4
-24.151,49.804,0.88113,88.509,124.16,-89.95,2,4
-24.303,49.302,0.5514,88.357,123.66,-90.279,2,4
-24.314,49.802,0.70928,88.346,124.16,-90.121,2,4
-39.201,41.199,1.079,73.459,115.56,-89.752,3,4
-38.524,40.877,0.9179,74.136,115.24,-89.913,3,4
-39.37,41.698,0.72201,73.29,116.06,-90.109,3,4
-38.694,41.041,0.91303,73.966,115.4,-89.918,3,4
-39.862,41.021,0.91076,72.797,115.38,-89.92,3,4
-39.192,40.866,0.91661,73.468,115.22,-89.914,3,4
-39.195,41.033,0.91206,73.465,115.39,-89.919,3,4
-39.526,40.86,0.91596,73.134,115.22,-89.915,3,4
-39.201,41.031,1.2551,73.459,115.39,-89.576,3,4
-38.53,41.043,1.0849,74.13,115.4,-89.746,3,4
-48.82,28.012,0.90016,63.84,102.37,-89.931,4,4
-48.983,28.01,0.7283,63.677,102.37,-90.102,4,4
-48.82,27.677,1.2523,63.84,102.03,-89.578,4,4
-49.485,27.666,1.0795,63.175,102.02,-89.751,4,4
-48.987,27.674,1.252,63.673,102.03,-89.579,4,4
-49.162,28.34,1.0619,63.498,102.7,-89.769,4,4
-48.477,27.685,0.73837,64.183,102.04,-90.092,4,4
-48.822,28.179,0.8956,63.838,102.54,-89.935,4,4
-48.486,27.682,1.2529,64.174,102.04,-89.578,4,4
-48.313,27.687,0.91023,64.347,102.04,-89.92,4,4
-52.864,11.08,0.83664,59.796,85.438,-89.994,5,4
-53.365,11.071,0.83566,59.295,85.429,-89.995,5,4
-53.37,11.405,0.82656,59.289,85.763,-90.004,5,4
-53.201,11.241,0.83143,59.459,85.599,-89.999,5,4
-53.198,11.074,0.83599,59.462,85.432,-89.995,5,4
-53.201,11.073,1.0075,59.459,85.431,-89.823,5,4
-53.183,10.407,0.68265,59.477,84.765,-90.148,5,4
-53.031,11.077,0.83631,59.629,85.435,-89.994,5,4
-53.198,10.906,1.0121,59.462,85.264,-89.819,5,4
-53.192,10.74,0.84508,59.468,85.098,-89.986,5,4
-50.866,-7.2515,0.48271,61.793,67.106,-90.348,6,4
-50.53,-7.4128,0.4879,62.13,66.945,-90.343,6,4
-50.858,-7.7524,0.49636,61.802,66.606,-90.334,6,4
-51.37,-7.2609,0.65326,61.289,67.097,-90.177,6,4
-51.532,-7.5976,0.66203,61.128,66.76,-90.169,6,4
-51.206,-7.0911,0.64903,61.454,67.267,-90.182,6,4
-50.864,-7.5863,0.66333,61.796,66.772,-90.167,6,4
-50.878,-6.5837,0.46451,61.782,67.774,-90.366,6,4
-51.541,-7.2646,0.82446,61.119,67.093,-90.006,6,4
-51.543,-7.0977,0.81991,61.116,67.26,-90.011,6,4
-43.547,-24.491,0.28341,69.113,49.867,-90.547,7,4
-43.716,-23.991,-0.073619,68.944,50.367,-90.904,7,4
-43.549,-24.156,0.10278,69.11,50.202,-90.728,7,4
-43.72,-24.16,0.27398,68.94,50.198,-90.557,7,4
-43.213,-24.318,0.10798,69.447,50.04,-90.723,7,4
-42.87,-24.645,-0.053798,69.79,49.713,-90.884,7,4
-43.382,-24.153,0.1031,69.277,50.205,-90.728,7,4
-43.544,-24.826,0.46403,69.115,49.532,-90.367,7,4
-43.216,-24.151,0.10343,69.444,50.207,-90.727,7,4
-43.207,-24.651,0.11708,69.453,49.707,-90.714,7,4
-30.426,-38.624,-0.50099,82.234,35.734,-91.332,8,4
-30.593,-38.794,-0.32524,82.067,35.564,-91.156,8,4
-30.763,-38.798,-0.15404,81.897,35.56,-90.985,8,4
-30.432,-38.458,-0.33401,82.228,35.9,-91.165,8,4
-30.59,-38.961,-0.32069,82.07,35.397,-91.151,8,4
-30.432,-38.458,-0.33401,82.228,35.9,-91.165,8,4
-30.095,-38.619,-0.32882,82.565,35.739,-91.159,8,4
-31.091,-38.802,-0.49774,81.569,35.556,-91.328,8,4
-30.429,-38.625,-0.32946,82.231,35.733,-91.16,8,4
-30.423,-38.958,-0.32036,82.237,35.4,-91.151,8,4
-14.043,-48.528,-1.0496,98.617,25.83,-91.88,9,4
-14.547,-48.369,-1.0551,98.113,25.989,-91.886,9,4
-14.714,-48.372,-1.0554,97.946,25.986,-91.886,9,4
-14.052,-48.362,-0.71108,98.607,25.996,-91.542,9,4
-14.211,-48.698,-0.87383,98.449,25.66,-91.705,9,4
-13.882,-48.359,-0.88227,98.778,25.999,-91.713,9,4
-14.562,-47.87,-0.7257,98.098,26.488,-91.556,9,4
-14.217,-48.7,-0.53077,98.443,25.658,-91.361,9,4
-14.38,-48.366,-1.0548,98.28,25.992,-91.885,9,4
-14.216,-48.364,-0.88292,98.444,25.994,-91.714,9,4
3.581,-53.067,-1.5696,116.24,21.291,-92.4,10,4
3.9063,-52.561,-1.5826,116.57,21.797,-92.413,10,4
3.575,-52.901,-1.4026,116.23,21.457,-92.233,10,4
3.7476,-53.232,-1.3932,116.41,21.126,-92.224,10,4
3.575,-52.901,-1.4026,116.23,21.457,-92.233,10,4
3.7444,-53.233,-1.2217,116.4,21.125,-92.052,10,4
3.5689,-52.735,-1.2357,116.23,21.623,-92.066,10,4
3.5756,-52.566,-1.7548,116.24,21.792,-92.585,10,4
3.5686,-52.903,-1.0596,116.23,21.455,-91.89,10,4
3.7362,-52.565,-1.4114,116.4,21.793,-92.242,10,4
20.251,-50.945,-1.9302,132.91,23.413,-92.761,11,4
20.409,-50.274,-2.1196,133.07,24.084,-92.95,11,4
20.403,-50.108,-1.9526,133.06,24.25,-92.783,11,4
20.734,-50.103,-1.7805,133.39,24.255,-92.611,11,4
20.916,-50.599,-2.1096,133.58,23.759,-92.94,11,4
20.579,-50.606,-1.9387,133.24,23.752,-92.769,11,4
20.403,-50.276,-1.7766,133.06,24.082,-92.607,11,4
20.403,-50.108,-1.9526,133.06,24.25,-92.783,11,4
20.57,-50.273,-1.7762,133.23,24.085,-92.607,11,4
20.57,-50.105,-1.9523,133.23,24.253,-92.783,11,4
34.792,-41.68,-2.3188,147.45,32.678,-93.15,12,4
34.797,-42.182,-2.1337,147.46,32.176,-92.964,12,4
34.463,-42.187,-2.1343,147.12,32.171,-92.965,12,4
34.46,-42.188,-1.9628,147.12,32.17,-92.793,12,4
34.463,-42.187,-2.1343,147.12,32.171,-92.965,12,4
34.621,-42.019,-1.7955,147.28,32.339,-92.626,12,4
34.794,-42.015,-2.1382,147.45,32.343,-92.969,12,4
34.8,-42.348,-2.1291,147.46,32.01,-92.96,12,4
34.624,-41.851,-2.1431,147.28,32.508,-92.974,12,4
34.958,-41.845,-2.1424,147.62,32.513,-92.973,12,4
44.422,-28.993,-2.2978,157.08,45.365,-93.129,13,4
44.577,-28.49,-2.1396,157.24,45.868,-92.97,13,4
44.417,-28.492,-2.483,157.08,45.866,-93.314,13,4
44.244,-28.496,-2.1403,156.9,45.862,-92.971,13,4
44.416,-28.827,-2.1309,157.08,45.531,-92.962,13,4
44.413,-28.66,-2.1354,157.07,45.698,-92.966,13,4
44.252,-28.997,-2.1266,156.91,45.361,-92.957,13,4
45.078,-28.482,-2.1387,157.74,45.876,-92.969,13,4
44.572,-28.157,-2.1487,157.23,46.201,-92.979,13,4
44.75,-28.654,-2.3063,157.41,45.704,-93.137,13,4
48.962,-11.718,-2.2424,161.62,62.64,-93.073,14,4
48.959,-11.551,-2.247,161.62,62.807,-93.078,14,4
48.956,-11.552,-2.0755,161.62,62.806,-92.906,14,4
48.619,-11.559,-1.9046,161.28,62.799,-92.735,14,4
48.622,-11.558,-2.0761,161.28,62.8,-92.907,14,4
49.465,-11.877,-2.2369,162.13,62.481,-93.068,14,4
48.461,-11.727,-2.2434,161.12,62.631,-93.074,14,4
48.956,-11.384,-2.2515,161.62,62.974,-93.082,14,4
48.446,-11.396,-1.7379,161.11,62.962,-92.569,14,4
48.786,-11.388,-2.0803,161.45,62.97,-92.911,14,4
46.959,6.9467,-1.8976,159.62,81.305,-92.728,15,4
46.794,6.6091,-1.7173,159.45,80.967,-92.548,15,4
46.63,6.6072,-1.8891,159.29,80.965,-92.72,15,4
46.628,6.7741,-1.8937,159.29,81.132,-92.724,15,4
46.797,6.61,-1.8888,159.46,80.968,-92.72,15,4
46.634,6.6081,-2.0607,159.29,80.966,-92.891,15,4
46.636,6.2733,-1.8801,159.3,80.631,-92.711,15,4
46.467,6.6052,-2.061,159.13,80.963,-92.892,15,4
46.797,6.61,-1.8888,159.46,80.968,-92.72,15,4
46.622,6.9402,-1.7267,159.28,81.298,-92.557,15,4
39.299,24.179,-1.3559,151.96,98.537,-92.187,16,4
38.631,24.167,-1.3572,151.29,98.526,-92.188,16,4
38.798,24.338,-1.533,151.46,98.696,-92.364,16,4
39.29,24.68,-1.3695,151.95,99.038,-92.2,16,4
38.962,24.34,-1.3611,151.62,98.698,-92.192,16,4
38.795,24.337,-1.3614,151.46,98.695,-92.192,16,4
38.623,24.668,-1.3708,151.28,99.026,-92.202,16,4
38.631,24.167,-1.3572,151.29,98.526,-92.188,16,4
38.631,24.335,-1.5333,151.29,98.693,-92.364,16,4
38.628,24.334,-1.3617,151.29,98.692,-92.192,16,4
26.348,38.483,-0.91878,139.01,112.84,-91.749,17,4
26.345,38.65,-0.92333,139.01,113.01,-91.754,17,4
26.521,38.152,-0.90936,139.18,112.51,-91.74,17,4
26.679,38.656,-0.92268,139.34,113.01,-91.753,17,4
26.512,38.485,-0.74693,139.17,112.84,-91.578,17,4
26.351,38.316,-0.91423,139.01,112.67,-91.745,17,4
26.172,38.813,-0.75667,138.83,113.17,-91.587,17,4
26,39.144,-0.7661,138.66,113.5,-91.597,17,4
26.348,38.483,-0.91878,139.01,112.84,-91.749,17,4
26.184,38.481,-1.0906,138.84,112.84,-91.921,17,4
9.6431,47.713,-0.35265,122.3,122.07,-91.183,18,4
9.6487,47.38,-0.34355,122.31,121.74,-91.174,18,4
9.7983,48.216,-0.19445,122.46,122.57,-91.025,18,4
9.6282,48.213,-0.023235,122.29,122.57,-90.854,18,4
9.6342,48.046,-0.19022,122.29,122.4,-91.021,18,4
9.6285,48.38,-0.19932,122.29,122.74,-91.03,18,4
9.4701,47.877,-0.18599,122.13,122.23,-91.017,18,4
9.6342,48.046,-0.19022,122.29,122.4,-91.021,18,4
9.4733,47.878,-0.35752,122.13,122.24,-91.188,18,4
9.8015,48.217,-0.36597,122.46,122.58,-91.197,18,4
-7.8114,52.089,0.17228,104.85,126.45,-90.658,19,4
-7.4775,52.095,0.17293,105.18,126.45,-90.658,19,4
-7.6444,52.092,0.1726,105.02,126.45,-90.658,19,4
-7.8174,52.255,0.33925,104.84,126.61,-90.491,19,4
-7.6413,52.093,0.001073,105.02,126.45,-90.83,19,4
-7.817,52.423,0.16317,104.84,126.78,-90.668,19,4
-7.4803,52.262,0.16837,105.18,126.62,-90.662,19,4
-7.4832,52.429,0.16382,105.18,126.79,-90.667,19,4
-7.6501,52.426,0.1635,105.01,126.78,-90.667,19,4
-7.9758,51.752,0.35258,104.68,126.11,-90.478,19,4
-6.2566,44.88,-22.782,106.4,119.24,-113.61,1,5
-6.5908,44.706,-22.606,106.07,119.06,-113.44,1,5
-6.7599,45.206,-22.963,105.9,119.56,-113.79,1,5
-6.599,45.375,-22.796,106.06,119.73,-113.63,1,5
-6.5908,44.706,-22.606,106.07,119.06,-113.44,1,5
-6.4235,44.877,-22.782,106.24,119.23,-113.61,1,5
-6.9335,45.033,-22.444,105.73,119.39,-113.28,1,5
-6.9329,45.369,-22.797,105.73,119.73,-113.63,1,5
-6.4327,45.042,-22.444,106.23,119.4,-113.27,1,5
-6.4232,45.045,-22.958,106.24,119.4,-113.79,1,5
-20.926,42.623,-22.07,91.734,116.98,-112.9,2,5
-21.251,42.452,-22.409,91.409,116.81,-113.24,2,5
-20.917,42.626,-22.584,91.743,116.98,-113.41,2,5
-21.254,42.619,-22.413,91.406,116.98,-113.24,2,5
-20.592,42.797,-22.245,92.068,117.15,-113.08,2,5
-21.26,42.785,-22.246,91.4,117.14,-113.08,2,5
-20.923,42.792,-22.417,91.737,117.15,-113.25,2,5
-21.087,42.622,-22.413,91.573,116.98,-113.24,2,5
-21.265,43.287,-22.431,91.395,117.64,-113.26,2,5
-21.099,43.122,-22.255,91.561,117.48,-113.09,2,5
-33.656,35.227,-22.07,79.004,109.58,-112.9,3,5
-33.995,35.555,-22.08,78.664,109.91,-112.91,3,5
-33.828,35.726,-22.256,78.832,110.08,-113.09,3,5
-33.662,35.393,-21.904,78.998,109.75,-112.73,3,5
-33.328,35.398,-21.903,79.332,109.76,-112.73,3,5
-33.829,35.558,-22.08,78.831,109.92,-112.91,3,5
-34.165,35.719,-22.085,78.495,110.08,-112.92,3,5
-34.172,35.717,-21.742,78.488,110.08,-112.57,3,5
-33.832,35.557,-21.908,78.828,109.91,-112.74,3,5
-33.662,35.393,-21.904,78.998,109.75,-112.73,3,5
-42.305,23.558,-21.945,70.355,97.916,-112.78,4,5
-42.311,23.892,-21.954,70.349,98.25,-112.79,4,5
-42.48,24.224,-22.135,70.18,98.582,-112.97,4,5
-42.48,24.056,-21.959,70.179,98.414,-112.79,4,5
-42.474,23.89,-22.126,70.185,98.248,-112.96,4,5
-41.809,24.068,-22.13,70.85,98.426,-112.96,4,5
-42.317,24.058,-21.787,70.343,98.416,-112.62,4,5
-41.968,23.565,-22.116,70.692,97.923,-112.95,4,5
-42.322,24.392,-21.797,70.338,98.75,-112.63,4,5
-42.489,24.389,-21.797,70.171,98.747,-112.63,4,5
-46.067,9.4683,-21.914,66.593,83.826,-112.74,5,5
-45.724,9.3088,-22.252,66.936,83.667,-113.08,5,5
-46.067,9.6361,-22.09,66.593,83.994,-112.92,5,5
-45.727,9.3079,-22.08,66.933,83.666,-112.91,5,5
-45.733,9.474,-21.913,66.927,83.832,-112.74,5,5
-45.891,9.1381,-22.076,66.769,83.496,-112.91,5,5
-46.055,9.1361,-22.248,66.605,83.494,-113.08,5,5
-45.724,9.3088,-22.252,66.936,83.667,-113.08,5,5
-46.058,9.3031,-22.253,66.602,83.661,-113.08,5,5
-45.73,9.4748,-22.085,66.93,83.833,-112.92,5,5
-44.121,-6.1935,-21.998,68.539,68.164,-112.83,6,5
-44.625,-6.0351,-22.003,68.035,68.323,-112.83,6,5
-44.446,-6.3644,-22.337,68.214,67.994,-113.17,6,5
-44.622,-6.0342,-22.175,68.038,68.324,-113.01,6,5
-44.29,-5.6938,-22.355,68.37,68.664,-113.19,6,5
-43.945,-6.3559,-22.336,68.715,68.002,-113.17,6,5
-43.781,-6.1861,-22.34,68.879,68.172,-113.17,6,5
-44.282,-6.1946,-22.341,68.378,68.163,-113.17,6,5
-43.778,-6.5209,-22.159,68.881,67.837,-112.99,6,5
-44.118,-6.1926,-22.169,68.542,68.165,-113,6,5
-37.834,-21.278,-22.601,74.826,53.08,-113.43,7,5
-37.495,-21.942,-22.239,75.165,52.416,-113.07,7,5
-37.333,-21.27,-22.6,75.327,53.088,-113.43,7,5
-37.822,-21.61,-22.935,74.838,52.748,-113.77,7,5
-36.991,-21.765,-22.586,75.669,52.593,-113.42,7,5
-37.829,-21.78,-22.416,74.831,52.578,-113.25,7,5
-37.491,-21.605,-22.763,75.169,52.753,-113.59,7,5
-37.831,-21.445,-22.597,74.829,52.913,-113.43,7,5
-37.5,-21.44,-22.424,75.16,52.918,-113.26,7,5
-37.33,-21.436,-22.596,75.33,52.922,-113.43,7,5
-25.907,-34.096,-23.253,86.753,40.262,-114.08,8,5
-25.925,-33.598,-22.752,86.735,40.76,-113.58,8,5
-25.911,-34.265,-22.905,86.749,40.093,-113.74,8,5
-25.917,-34.098,-22.738,86.743,40.26,-113.57,8,5
-25.917,-33.931,-22.914,86.743,40.427,-113.74,8,5
-26.08,-33.765,-23.262,86.58,40.593,-114.09,8,5
-25.738,-34.26,-23.248,86.922,40.098,-114.08,8,5
-26.083,-33.766,-23.091,86.577,40.592,-113.92,8,5
-25.752,-33.761,-22.918,86.908,40.597,-113.75,8,5
-26.253,-33.769,-22.919,86.407,40.589,-113.75,8,5
-11.729,-42.033,-23.86,100.93,32.325,-114.69,9,5
-11.899,-42.205,-23.513,100.76,32.153,-114.34,9,5
-12.239,-42.044,-23.346,100.42,32.314,-114.18,9,5
-12.075,-41.875,-23.351,100.58,32.483,-114.18,9,5
-12.057,-42.373,-23.852,100.6,31.985,-114.68,9,5
-12.069,-41.873,-23.694,100.59,32.485,-114.52,9,5
-12.233,-42.043,-23.69,100.43,32.315,-114.52,9,5
-12.081,-41.373,-23.536,100.58,32.985,-114.37,9,5
-12.242,-41.878,-23.351,100.42,32.48,-114.18,9,5
-11.733,-42.202,-23.512,100.93,32.156,-114.34,9,5
3.0277,-45.455,-23.903,115.69,28.903,-114.73,10,5
3.0192,-44.955,-23.917,115.68,29.403,-114.75,10,5
2.8636,-45.625,-23.899,115.52,28.733,-114.73,10,5
3.5232,-44.945,-24.087,116.18,29.413,-114.92,10,5
2.8526,-44.79,-24.093,115.51,29.568,-114.92,10,5
3.0281,-45.288,-24.079,115.69,29.07,-114.91,10,5
2.6882,-45.127,-23.913,115.35,29.231,-114.74,10,5
3.1982,-45.284,-24.25,115.86,29.074,-115.08,10,5
3.5232,-44.945,-24.087,116.18,29.413,-114.92,10,5
3.1975,-45.62,-23.898,115.86,28.738,-114.73,10,5
18.034,-43.36,-24.61,130.69,30.998,-115.44,11,5
17.861,-43.365,-24.267,130.52,30.993,-115.1,11,5
17.522,-42.869,-24.453,130.18,31.489,-115.28,11,5
18.366,-43.02,-24.79,131.03,31.338,-115.62,11,5
18.025,-43.027,-24.447,130.69,31.331,-115.28,11,5
17.858,-43.03,-24.448,130.52,31.328,-115.28,11,5
18.031,-43.361,-24.438,130.69,30.997,-115.27,11,5
17.694,-43.2,-24.443,130.35,31.158,-115.27,11,5
18.031,-43.193,-24.614,130.69,31.165,-115.45,11,5
17.87,-43.698,-24.43,130.53,30.66,-115.26,11,5
30.099,-36.31,-24.43,142.76,38.048,-115.26,12,5
30.102,-36.309,-24.601,142.76,38.049,-115.43,12,5
30.275,-36.304,-24.944,142.93,38.054,-115.77,12,5
30.26,-35.973,-24.438,142.92,38.385,-115.27,12,5
30.597,-35.967,-24.609,143.26,38.391,-115.44,12,5
29.929,-36.146,-24.434,142.59,38.212,-115.27,12,5
29.926,-35.979,-24.439,142.59,38.379,-115.27,12,5
30.101,-36.477,-24.425,142.76,37.881,-115.26,12,5
30.263,-35.805,-24.786,142.92,38.553,-115.62,12,5
30.599,-36.301,-24.429,143.26,38.057,-115.26,12,5
38.739,-23.973,-24.744,151.4,50.385,-115.58,13,5
38.748,-24.641,-24.555,151.41,49.717,-115.39,13,5
38.575,-24.142,-24.74,151.24,50.216,-115.57,13,5
38.581,-24.476,-24.731,151.24,49.882,-115.56,13,5
38.739,-24.308,-24.392,151.4,50.05,-115.22,13,5
38.414,-24.647,-24.555,151.07,49.711,-115.39,13,5
38.915,-24.471,-24.73,151.57,49.887,-115.56,13,5
38.748,-24.473,-24.731,151.41,49.885,-115.56,13,5
38.408,-24.145,-24.741,151.07,50.213,-115.57,13,5
39.085,-24.635,-24.726,151.74,49.723,-115.56,13,5
42.502,-9.715,-24.952,155.16,64.643,-115.78,14,5
42.322,-9.5535,-24.442,154.98,64.804,-115.27,14,5
42.337,-10.388,-24.419,155,63.97,-115.25,14,5
42.496,-9.5489,-24.785,155.16,64.809,-115.62,14,5
42.338,-9.8848,-24.948,155,64.473,-115.78,14,5
42.499,-9.7159,-24.78,155.16,64.642,-115.61,14,5
42.164,-10.057,-24.429,154.82,64.301,-115.26,14,5
42.161,-9.8903,-24.433,154.82,64.468,-115.26,14,5
42.334,-10.053,-24.6,154.99,64.305,-115.43,14,5
42.167,-9.8885,-24.776,154.83,64.469,-115.61,14,5
41.05,5.7857,-24.348,153.71,80.144,-115.18,15,5
40.713,5.947,-24.353,153.37,80.305,-115.18,15,5
40.725,5.447,-24.511,153.38,79.805,-115.34,15,5
40.379,5.9413,-24.354,153.04,80.299,-115.18,15,5
40.549,5.4416,-23.997,153.21,79.8,-114.83,15,5
40.725,5.447,-24.511,153.38,79.805,-115.34,15,5
40.382,5.6065,-24.173,153.04,79.965,-115,15,5
40.719,5.7809,-24.52,153.38,80.139,-115.35,15,5
41.059,5.4527,-24.511,153.72,79.811,-115.34,15,5
40.719,5.4453,-24.168,153.38,79.803,-115,15,5
34.105,20.862,-24.261,146.76,95.22,-115.09,16,5
33.928,21.024,-23.922,146.59,95.382,-114.75,16,5
33.938,20.859,-24.261,146.6,95.217,-115.09,16,5
33.935,21.026,-24.265,146.59,95.384,-115.1,16,5
33.77,20.52,-23.909,146.43,94.878,-114.74,16,5
33.77,20.52,-23.909,146.43,94.878,-114.74,16,5
34.602,20.869,-24.088,147.26,95.227,-114.92,16,5
34.262,21.03,-23.922,146.92,95.388,-114.75,16,5
33.934,20.69,-23.913,146.59,95.048,-114.74,16,5
34.432,20.865,-23.917,147.09,95.223,-114.75,16,5
22.685,33.522,-23.775,135.34,107.88,-114.61,17,5
23.021,33.025,-23.418,135.68,107.38,-114.25,17,5
23.352,33.365,-23.598,136.01,107.72,-114.43,17,5
23.185,33.195,-23.422,135.84,107.55,-114.25,17,5
23.013,33.693,-23.607,135.67,108.05,-114.44,17,5
22.526,33.018,-23.762,135.19,107.38,-114.59,17,5
23.191,33.029,-23.589,135.85,107.39,-114.42,17,5
23.352,33.365,-23.598,136.01,107.72,-114.43,17,5
22.684,33.354,-23.599,135.34,107.71,-114.43,17,5
22.684,33.186,-23.423,135.34,107.54,-114.25,17,5
8.6646,41.795,-23.005,121.32,116.15,-113.84,18,5
8.6615,41.794,-22.833,121.32,116.15,-113.66,18,5
8.1755,41.287,-23.164,120.84,115.64,-113.99,18,5
9.0045,41.635,-23.171,121.66,115.99,-114,18,5
8.6763,41.295,-23.163,121.34,115.65,-113.99,18,5
8.5034,41.458,-22.996,121.16,115.82,-113.83,18,5
8.6675,41.628,-23,121.33,115.99,-113.83,18,5
8.4977,41.792,-23.005,121.16,116.15,-113.84,18,5
8.6731,41.294,-22.991,121.33,115.65,-113.82,18,5
7.9997,41.617,-23.002,120.66,115.97,-113.83,18,5
-6.0953,45.216,-22.79,106.56,119.57,-113.62,19,5
-6.4327,45.042,-22.444,106.23,119.4,-113.27,19,5
-6.5933,45.041,-22.787,106.07,119.4,-113.62,19,5
-6.5961,45.208,-22.791,106.06,119.57,-113.62,19,5
-6.5993,45.207,-22.62,106.06,119.56,-113.45,19,5
-6.4387,45.208,-22.277,106.22,119.57,-113.11,19,5
-6.4324,45.21,-22.62,106.23,119.57,-113.45,19,5
-5.9315,45.218,-22.619,106.73,119.58,-113.45,19,5
-6.2658,45.045,-22.443,106.39,119.4,-113.27,19,5
-6.7723,45.37,-22.453,105.89,119.73,-113.28,19,5
-4.2891,26.292,-39.251,108.37,100.65,-130.08,1,6
-4.2831,26.126,-39.418,108.38,100.48,-130.25,1,6
-4.2831,26.126,-39.418,108.38,100.48,-130.25,1,6
-4.1101,25.962,-39.584,108.55,100.32,-130.41,1,6
-4.2742,25.793,-39.58,108.39,100.15,-130.41,1,6
-4.617,26.12,-39.418,108.04,100.48,-130.25,1,6
-4.6167,26.288,-39.594,108.04,100.65,-130.43,1,6
-4.2856,26.46,-39.598,108.37,100.82,-130.43,1,6
-4.2948,26.626,-39.26,108.37,100.98,-130.09,1,6
-3.9464,25.964,-39.412,108.71,100.32,-130.24,1,6
-12.774,24.813,-39.574,99.886,99.171,-130.4,2,6
-12.939,24.308,-39.218,99.721,98.666,-130.05,2,6
-12.446,24.985,-39.406,100.21,99.343,-130.24,2,6
-12.614,24.814,-39.231,100.05,99.172,-130.06,2,6
-13.112,24.639,-39.227,99.548,98.997,-130.06,2,6
-12.599,24.147,-39.384,100.06,98.505,-130.21,2,6
-12.611,24.647,-39.226,100.05,99.005,-130.06,2,6
-12.781,24.811,-39.231,99.879,99.169,-130.06,2,6
-12.45,24.816,-39.059,100.21,99.174,-129.89,2,6
-12.608,24.648,-39.397,100.05,99.006,-130.23,2,6
-19.557,20.688,-39.135,93.103,95.046,-129.97,3,6
-19.727,20.853,-39.14,92.933,95.211,-129.97,3,6
-19.558,20.521,-38.959,93.102,94.879,-129.79,3,6
-19.215,20.193,-39.121,93.445,94.551,-129.95,3,6
-19.713,19.85,-38.941,92.947,94.208,-129.77,3,6
-19.391,20.188,-38.606,93.269,94.546,-129.44,3,6
-19.557,20.688,-39.135,93.103,95.046,-129.97,3,6
-19.56,20.688,-38.963,93.1,95.046,-129.79,3,6
-19.721,20.519,-39.131,92.939,94.877,-129.96,3,6
-19.558,20.521,-38.959,93.102,94.879,-129.79,3,6
-24.944,13.584,-39.126,87.716,87.942,-129.96,4,6
-24.607,13.423,-39.121,88.053,87.781,-129.95,4,6
-24.61,13.59,-39.125,88.05,87.948,-129.96,4,6
-24.78,13.586,-38.954,87.88,87.944,-129.78,4,6
-24.112,13.765,-39.129,88.548,88.123,-129.96,4,6
-24.622,14.09,-38.968,88.038,88.448,-129.8,4,6
-24.607,13.591,-39.297,88.053,87.949,-130.13,4,6
-24.616,13.756,-38.959,88.044,88.114,-129.79,4,6
-24.452,13.925,-38.963,88.208,88.283,-129.79,4,6
-24.613,13.757,-39.13,88.047,88.115,-129.96,4,6
-26.808,5.3696,-38.907,85.852,79.728,-129.74,5,6
-26.799,5.2044,-39.246,85.861,79.562,-130.08,5,6
-26.304,5.5468,-39.254,86.356,79.905,-130.08,5,6
-26.802,5.2035,-39.074,85.858,79.562,-129.9,5,6
-26.302,5.0442,-38.897,86.358,79.402,-129.73,5,6
-27.139,5.3648,-39.079,85.521,79.723,-129.91,5,6
-26.641,5.3724,-38.907,86.019,79.73,-129.74,5,6
-26.644,5.875,-39.263,86.016,80.233,-130.09,5,6
-26.307,5.5459,-39.082,86.353,79.904,-129.91,5,6
-26.638,5.3733,-39.078,86.022,79.731,-129.91,5,6
-25.31,-3.6201,-39.173,87.35,70.738,-130,6,6
-25.307,-3.6192,-39.345,87.353,70.739,-130.18,6,6
-25.805,-3.9625,-39.165,86.855,70.396,-130,6,6
-25.48,-3.456,-39.178,87.18,70.902,-130.01,6,6
-25.813,-3.2938,-39.355,86.847,71.064,-130.19,6,6
-25.653,-3.2928,-39.012,87.007,71.065,-129.84,6,6
-25.474,-3.9577,-38.993,87.186,70.4,-129.82,6,6
-25.972,-3.9653,-39.166,86.688,70.393,-130,6,6
-25.638,-3.7918,-39.341,87.022,70.566,-130.17,6,6
-25.477,-3.7908,-38.998,87.183,70.567,-129.83,6,6
-21.808,-12.576,-39.436,90.852,61.782,-130.27,7,6
-21.972,-12.578,-39.608,90.688,61.78,-130.44,7,6
-21.975,-12.579,-39.436,90.685,61.779,-130.27,7,6
-21.811,-12.241,-39.616,90.849,62.117,-130.45,7,6
-21.817,-12.411,-39.097,90.842,61.947,-129.93,7,6
-22.144,-12.079,-39.793,90.516,62.279,-130.62,7,6
-22.139,-12.748,-39.432,90.521,61.61,-130.26,7,6
-21.638,-12.572,-39.607,91.022,61.786,-130.44,7,6
-21.132,-12.897,-39.597,91.528,61.461,-130.43,7,6
-21.805,-12.743,-39.431,90.854,61.615,-130.26,7,6
-15.503,-19.648,-39.571,97.157,54.71,-130.4,8,6
-14.999,-19.638,-39.742,97.661,54.72,-130.57,8,6
-15.492,-20.315,-39.553,97.168,54.043,-130.38,8,6
-15.336,-19.477,-39.747,97.324,54.881,-130.58,8,6
-15.497,-19.981,-39.562,97.163,54.377,-130.39,8,6
-14.993,-19.804,-39.909,97.667,54.554,-130.74,8,6
-15.002,-19.471,-39.746,97.658,54.887,-130.58,8,6
-15.333,-19.812,-39.566,97.327,54.546,-130.4,8,6
-15.509,-19.314,-39.58,97.151,55.044,-130.41,8,6
-15.664,-19.649,-39.915,96.996,54.709,-130.75,8,6
-7.5559,-24.686,-40.101,105.1,49.672,-130.93,9,6
-7.7288,-24.523,-39.934,104.93,49.835,-130.77,9,6
-7.228,-24.514,-39.933,105.43,49.844,-130.76,9,6
-7.3949,-24.517,-39.934,105.26,49.841,-130.76,9,6
-7.3946,-24.349,-40.11,105.27,50.009,-130.94,9,6
-7.2305,-24.179,-40.114,105.43,50.179,-130.94,9,6
-7.2242,-24.178,-40.457,105.44,50.18,-131.29,9,6
-6.7272,-24.506,-39.932,105.93,49.852,-130.76,9,6
-7.3921,-24.684,-39.929,105.27,49.674,-130.76,9,6
-7.0639,-24.344,-39.938,105.6,50.014,-130.77,9,6
1.6576,-26.198,-40.209,114.32,48.16,-131.04,10,6
1.6665,-26.531,-40.372,114.33,47.827,-131.2,10,6
1.8334,-26.529,-40.371,114.49,47.829,-131.2,10,6
1.5027,-26.533,-40.543,114.16,47.825,-131.37,10,6
1.3298,-26.37,-40.377,113.99,47.988,-131.21,10,6
1.8306,-26.362,-40.376,114.49,47.996,-131.21,10,6
1.6725,-26.698,-40.539,114.33,47.661,-131.37,10,6
1.3326,-26.537,-40.372,113.99,47.821,-131.2,10,6
1.4872,-26.37,-39.862,114.15,47.988,-130.69,10,6
1.4999,-26.366,-40.548,114.16,47.992,-131.38,10,6
9.9885,-24.719,-40.572,122.65,49.639,-131.4,11,6
9.6543,-24.893,-40.397,122.31,49.465,-131.23,11,6
9.6603,-25.059,-40.564,122.32,49.299,-131.39,11,6
9.666,-25.393,-40.555,122.33,48.965,-131.39,11,6
9.4814,-24.729,-40.23,122.14,49.629,-131.06,11,6
9.4934,-25.062,-40.564,122.15,49.296,-131.39,11,6
9.6603,-25.059,-40.564,122.32,49.299,-131.39,11,6
9.8213,-24.89,-40.397,122.48,49.468,-131.23,11,6
9.6688,-25.56,-40.55,122.33,48.798,-131.38,11,6
9.6748,-25.726,-40.717,122.33,48.632,-131.55,11,6
16.938,-20.927,-40.659,129.6,53.431,-131.49,12,6
16.932,-20.761,-40.492,129.59,53.597,-131.32,12,6
17.104,-21.092,-40.482,129.76,53.266,-131.31,12,6
17.111,-20.923,-41.002,129.77,53.435,-131.83,12,6
17.096,-20.759,-40.32,129.76,53.599,-131.15,12,6
17.274,-21.256,-40.478,129.93,53.102,-131.31,12,6
16.774,-21.097,-40.655,129.43,53.261,-131.49,12,6
17.442,-20.918,-40.829,130.1,53.44,-131.66,12,6
16.949,-21.427,-40.817,129.61,52.931,-131.65,12,6
16.932,-20.761,-40.492,129.59,53.597,-131.32,12,6
21.841,-14.665,-40.817,134.5,59.693,-131.65,13,6
22.331,-13.989,-40.835,134.99,60.369,-131.67,13,6
21.827,-13.998,-40.664,134.49,60.36,-131.49,13,6
21.832,-14.668,-40.303,134.49,59.69,-131.13,13,6
22.002,-14.328,-40.826,134.66,60.03,-131.66,13,6
21.835,-14.331,-40.826,134.5,60.027,-131.66,13,6
21.999,-14.329,-40.655,134.66,60.029,-131.49,13,6
22.163,-14.159,-40.659,134.82,60.199,-131.49,13,6
22.337,-14.155,-41.002,135,60.203,-131.83,13,6
22,-14.161,-40.831,134.66,60.197,-131.66,13,6
24.03,-6.2799,-40.697,136.69,68.078,-131.53,14,6
24.179,-5.611,-40.372,136.84,68.747,-131.2,14,6
24.012,-5.6139,-40.372,136.67,68.744,-131.2,14,6
24.361,-6.1073,-40.701,137.02,68.251,-131.53,14,6
23.687,-5.9526,-40.535,136.35,68.405,-131.37,14,6
24.519,-5.7714,-40.538,137.18,68.587,-131.37,14,6
23.858,-5.781,-40.883,136.52,68.577,-131.71,14,6
24.016,-5.613,-40.544,136.68,68.745,-131.37,14,6
23.858,-5.781,-40.883,136.52,68.577,-131.71,14,6
24.024,-5.946,-40.706,136.68,68.412,-131.54,14,6
23.024,3.2191,-40.444,135.68,77.577,-131.27,15,6
23.209,2.5559,-40.768,135.87,76.914,-131.6,15,6
23.197,2.8881,-40.434,135.86,77.246,-131.26,15,6
22.861,3.385,-40.792,135.52,77.743,-131.62,15,6
23.361,3.0579,-40.438,136.02,77.416,-131.27,15,6
23.197,3.2237,-40.786,135.86,77.582,-131.62,15,6
23.194,3.2228,-40.615,135.85,77.581,-131.45,15,6
23.194,3.2228,-40.615,135.85,77.581,-131.45,15,6
23.027,3.0522,-40.439,135.69,77.41,-131.27,15,6
22.86,3.2172,-40.615,135.52,77.575,-131.45,15,6
19.2,11.669,-40.34,131.86,86.027,-131.17,16,6
19.027,11.665,-39.997,131.69,86.023,-130.83,16,6
19.527,11.505,-39.82,132.19,85.863,-130.65,16,6
19.531,11.674,-40.168,132.19,86.032,-131,16,6
19.191,11.834,-40.001,131.85,86.192,-130.83,16,6
19.03,11.665,-40.169,131.69,86.023,-131,16,6
18.699,11.661,-40.341,131.36,86.019,-131.17,16,6
19.206,11.167,-40.155,131.87,85.525,-130.99,16,6
19.197,11.668,-40.168,131.86,86.026,-131,16,6
19.537,11.34,-40.158,132.2,85.698,-130.99,16,6
12.725,18.905,-40.209,125.39,93.263,-131.04,17,6
12.895,18.741,-40.204,125.55,93.099,-131.04,17,6
13.234,18.413,-40.195,125.89,92.771,-131.03,17,6
12.713,19.237,-39.875,125.37,93.595,-130.71,17,6
12.886,19.074,-40.042,125.55,93.432,-130.87,17,6
13.062,18.744,-40.204,125.72,93.102,-131.03,17,6
12.558,18.902,-40.21,125.22,93.26,-131.04,17,6
12.9,18.239,-40.019,125.56,92.597,-130.85,17,6
12.719,19.071,-40.042,125.38,93.429,-130.87,17,6
12.552,19.068,-40.043,125.21,93.426,-130.87,17,6
5.1122,24.117,-39.855,117.77,98.475,-130.69,18,6
5.1147,23.782,-39.674,117.77,98.14,-130.5,18,6
4.9513,23.948,-40.022,117.61,98.306,-130.85,18,6
4.7869,23.61,-39.842,117.45,97.968,-130.67,18,6
4.6089,24.443,-40.036,117.27,98.801,-130.87,18,6
4.945,23.946,-39.679,117.6,98.304,-130.51,18,6
4.6231,23.609,-40.014,117.28,97.967,-130.84,18,6
4.6117,24.276,-40.032,117.27,98.634,-130.86,18,6
5.1062,24.283,-39.688,117.77,98.641,-130.52,18,6
4.784,23.777,-39.846,117.44,98.135,-130.68,18,6
-4.1098,26.13,-39.76,108.55,100.49,-130.59,19,6
-4.2806,25.791,-39.237,108.38,100.15,-130.07,19,6
-3.6008,25.47,-39.57,109.06,99.828,-130.4,19,6
-3.7649,25.3,-39.565,108.9,99.658,-130.4,19,6
-3.9378,25.464,-39.399,108.72,99.822,-130.23,19,6
-3.615,26.305,-39.592,109.04,100.66,-130.42,19,6
-3.7766,25.8,-39.408,108.88,100.16,-130.24,19,6
-3.7766,25.8,-39.408,108.88,100.16,-130.24,19,6
-4.4384,25.623,-39.576,108.22,99.981,-130.41,19,6
-3.7646,25.468,-39.742,108.9,99.826,-130.57,19,6
-1.1916,-0.50593,-45.889,111.47,73.852,-136.72,1,7
-1.3589,-0.6766,-45.713,111.3,73.681,-136.54,1,7
-0.68793,-0.66436,-45.883,111.97,73.694,-136.71,1,7
-1.1916,-0.50593,-45.889,111.47,73.852,-136.72,1,7
-1.1856,-0.672,-46.056,111.47,73.686,-136.89,1,7
-1.2004,-0.17293,-45.727,111.46,74.185,-136.56,1,7
-1.3529,-0.84266,-45.88,111.31,73.515,-136.71,1,7
-1.1888,-0.67287,-45.884,111.47,73.685,-136.72,1,7
-1.1856,-0.672,-46.056,111.47,73.686,-136.89,1,7
-1.1916,-0.50593,-45.889,111.47,73.852,-136.72,1,7
-1.1888,-0.67287,-45.884,111.47,73.685,-136.72,2,7
-1.1856,-0.672,-46.056,111.47,73.686,-136.89,2,7
-1.013,-1.0031,-46.046,111.65,73.355,-136.88,2,7
-1.5131,-0.67591,-46.4,111.15,73.682,-137.23,2,7
-1.3614,-0.34182,-45.894,111.3,74.016,-136.72,2,7
-1.0303,-0.1692,-45.898,111.63,74.189,-136.73,2,7
-1.0307,-0.33703,-45.722,111.63,74.021,-136.55,2,7
-1.0215,-0.50221,-46.06,111.64,73.856,-136.89,2,7
-1.1859,-0.83982,-45.88,111.47,73.518,-136.71,2,7
-1.3585,-0.50877,-45.889,111.3,73.849,-136.72,2,7
-1.0183,-0.50133,-46.232,111.64,73.857,-137.06,3,7
-0.8552,-0.83503,-45.708,111.8,73.523,-136.54,3,7
-1.0247,-0.50309,-45.889,111.64,73.855,-136.72,3,7
-0.84886,-0.83327,-46.051,111.81,73.525,-136.88,3,7
-1.0186,-0.66916,-46.056,111.64,73.689,-136.89,3,7
-0.86338,-0.16637,-45.897,111.8,74.192,-136.73,3,7
-1.6953,-0.3475,-45.894,110.96,74.011,-136.73,3,7
-0.84919,-1.0011,-45.875,111.81,73.357,-136.71,3,7
-1.3554,-0.50789,-46.061,111.3,73.85,-136.89,3,7
-0.68475,-0.66348,-46.055,111.98,73.695,-136.89,3,7
-1.1916,-0.50593,-45.889,111.47,73.852,-136.72,4,7
-1.0278,-0.50397,-45.717,111.63,73.854,-136.55,4,7
-1.0158,-0.8361,-46.051,111.64,73.522,-136.88,4,7
-1.1976,-0.33987,-45.722,111.46,74.018,-136.55,4,7
-0.6936,-0.33047,-45.893,111.97,74.028,-136.72,4,7
-1.019,-0.83698,-45.88,111.64,73.521,-136.71,4,7
-1.3395,-0.50348,-46.918,111.32,73.855,-137.75,4,7
-1.0183,-0.50133,-46.232,111.64,73.857,-137.06,4,7
-1.1827,-0.83894,-46.051,111.48,73.519,-136.88,4,7
-1.5216,-0.17508,-46.413,111.14,74.183,-137.24,4,7
-1.1792,-0.67023,-46.399,111.48,73.688,-137.23,5,7
-1.1824,-0.67111,-46.227,111.48,73.687,-137.06,5,7
-0.67841,-0.66172,-46.398,111.98,73.696,-137.23,5,7
-1.0272,-0.16833,-46.069,111.63,74.19,-136.9,5,7
-0.67908,-0.99738,-46.046,111.98,73.361,-136.88,5,7
-1.0215,-0.50221,-46.06,111.64,73.856,-136.89,5,7
-0.84251,-0.8315,-46.394,111.82,73.527,-137.22,5,7
-1.3405,-1.007,-46.39,111.32,73.351,-137.22,5,7
-1.1792,-0.67023,-46.399,111.48,73.688,-137.23,5,7
-1.5198,-0.8455,-45.88,111.14,73.513,-136.71,5,7
-1.0155,-0.66827,-46.227,111.64,73.69,-137.06,6,7
-1.1852,-0.50416,-46.232,111.47,73.854,-137.06,6,7
-1.0183,-0.50133,-46.232,111.64,73.857,-137.06,6,7
-1.0186,-0.66916,-46.056,111.64,73.689,-136.89,6,7
-1.3519,-0.33918,-46.408,111.31,74.019,-137.24,6,7
-1.1881,-0.33722,-46.237,111.47,74.021,-137.07,6,7
-1.1827,-0.83894,-46.051,111.48,73.519,-136.88,6,7
-1.3582,-0.34094,-46.065,111.3,74.017,-136.9,6,7
-0.85453,-0.49937,-46.06,111.81,73.859,-136.89,6,7
-1.0186,-0.66916,-46.056,111.64,73.689,-136.89,6,7
-1.0186,-0.66916,-46.056,111.64,73.689,-136.89,7,7
-1.0126,-0.83522,-46.223,111.65,73.523,-137.05,7,7
-1.1827,-0.83894,-46.051,111.48,73.519,-136.88,7,7
-1.1821,-0.50329,-46.404,111.48,73.855,-137.23,7,7
-1.1711,-1.3389,-46.209,111.49,73.019,-137.04,7,7
-1.1827,-0.83894,-46.051,111.48,73.519,-136.88,7,7
-0.67841,-0.66172,-46.398,111.98,73.696,-137.23,7,7
-0.84251,-0.8315,-46.394,111.82,73.527,-137.22,7,7
-0.84852,-0.66544,-46.227,111.81,73.693,-137.06,7,7
-1.0211,-0.33438,-46.236,111.64,74.024,-137.07,7,7
-0.6759,-0.99649,-46.217,111.98,73.362,-137.05,8,7
-1.1796,-0.83806,-46.223,111.48,73.52,-137.05,8,7
-0.84852,-0.66544,-46.227,111.81,73.693,-137.06,8,7
-1.007,-1.1691,-46.213,111.65,73.189,-137.04,8,7
-1.0123,-0.6674,-46.399,111.65,73.691,-137.23,8,7
-1.0186,-0.66916,-46.056,111.64,73.689,-136.89,8,7
-1.0155,-0.66827,-46.227,111.64,73.69,-137.06,8,7
-0.8542,-0.33154,-46.236,111.81,74.026,-137.07,8,7
-1.0211,-0.33438,-46.236,111.64,74.024,-137.07,8,7
-1.3525,-0.67483,-46.056,111.31,73.683,-136.89,8,7
-1.0186,-0.66916,-46.056,111.64,73.689,-136.89,9,7
-1.0215,-0.50221,-46.06,111.64,73.856,-136.89,9,7
-0.85169,-0.66632,-46.055,111.81,73.692,-136.89,9,7
-1.0243,-0.33527,-46.065,111.64,74.023,-136.9,9,7
-1.1856,-0.672,-46.056,111.47,73.686,-136.89,9,7
-1.0272,-0.16833,-46.069,111.63,74.19,-136.9,9,7
-0.67273,-0.99561,-46.389,111.99,73.362,-137.22,9,7
-0.68726,-0.3287,-46.236,111.97,74.029,-137.07,9,7
-1.1909,-0.17028,-46.241,111.47,74.188,-137.07,9,7
-1.0218,-0.67004,-45.884,111.64,73.688,-136.71,9,7
-0.51146,-0.65888,-46.398,112.15,73.699,-137.23,10,7
-1.1767,-1.005,-46.218,111.48,73.353,-137.05,10,7
-1.5135,-0.84373,-46.224,111.15,73.514,-137.05,10,7
-1.0155,-0.66827,-46.227,111.64,73.69,-137.06,10,7
-0.85453,-0.49937,-46.06,111.81,73.859,-136.89,10,7
-1.3465,-0.8409,-46.223,111.31,73.517,-137.05,10,7
-1.1856,-0.672,-46.056,111.47,73.686,-136.89,10,7
-1.0161,-1.0039,-45.875,111.64,73.354,-136.71,10,7
-1.1881,-0.33722,-46.237,111.47,74.021,-137.07,10,7
-1.0126,-0.83522,-46.223,111.65,73.523,-137.05,10,7
-1.5223,-0.51073,-46.061,111.14,73.847,-136.89,11,7
-0.8542,-0.33154,-46.236,111.81,74.026,-137.07,11,7
-0.84535,-0.66456,-46.398,111.81,73.693,-137.23,11,7
-1.1856,-0.672,-46.056,111.47,73.686,-136.89,11,7
-1.1792,-0.67023,-46.399,111.48,73.688,-137.23,11,7
-1.5043,-1.0089,-46.562,111.16,73.349,-137.39,11,7
-1.355,-0.34006,-46.237,111.3,74.018,-137.07,11,7
-1.0126,-0.83522,-46.223,111.65,73.523,-137.05,11,7
-1.0215,-0.50221,-46.06,111.64,73.856,-136.89,11,7
-1.5078,-1.1776,-46.214,111.15,73.18,-137.05,11,7
-1.1739,-1.1719,-46.214,111.49,73.186,-137.04,12,7
-1.0126,-0.83522,-46.223,111.65,73.523,-137.05,12,7
-1.3402,-0.83913,-46.566,111.32,73.519,-137.4,12,7
-1.1707,-1.1711,-46.385,111.49,73.187,-137.22,12,7
-1.1824,-0.67111,-46.227,111.48,73.687,-137.06,12,7
-1.1771,-1.1728,-46.042,111.48,73.185,-136.87,12,7
-0.67874,-0.82954,-46.222,111.98,73.528,-137.05,12,7
-0.51213,-0.99454,-46.046,112.15,73.363,-136.88,12,7
-1.3465,-0.8409,-46.223,111.31,73.517,-137.05,12,7
-1.0126,-0.83522,-46.223,111.65,73.523,-137.05,12,7
-0.51213,-0.99454,-46.046,112.15,73.363,-136.88,13,7
-0.69043,-0.32959,-46.064,111.97,74.028,-136.89,13,7
-1.0218,-0.67004,-45.884,111.64,73.688,-136.71,13,7
-1.3494,-0.67395,-46.228,111.31,73.684,-137.06,13,7
-1.1799,-1.0059,-46.047,111.48,73.352,-136.88,13,7
-1.0275,-0.33614,-45.893,111.63,74.022,-136.72,13,7
-0.67874,-0.82954,-46.222,111.98,73.528,-137.05,13,7
-0.67941,-1.1652,-45.87,111.98,73.193,-136.7,13,7
-1.0155,-0.66827,-46.227,111.64,73.69,-137.06,13,7
-0.85169,-0.66632,-46.055,111.81,73.692,-136.89,13,7
-1.1852,-0.50416,-46.232,111.47,73.854,-137.06,14,7
-1.1824,-0.67111,-46.227,111.48,73.687,-137.06,14,7
-1.3465,-0.8409,-46.223,111.31,73.517,-137.05,14,7
-0.68192,-0.83043,-46.05,111.98,73.528,-136.88,14,7
-1.3494,-0.67395,-46.228,111.31,73.684,-137.06,14,7
-1.0155,-0.66827,-46.227,111.64,73.69,-137.06,14,7
-1.0151,-0.50045,-46.403,111.64,73.858,-137.23,14,7
-1.0183,-0.50133,-46.232,111.64,73.857,-137.06,14,7
-1.1827,-0.83894,-46.051,111.48,73.519,-136.88,14,7
-0.84535,-0.66456,-46.398,111.81,73.693,-137.23,14,7
-0.84284,-0.99933,-46.218,111.82,73.359,-137.05,15,7
-1.1859,-0.83982,-45.88,111.47,73.518,-136.71,15,7
-1.3465,-0.8409,-46.223,111.31,73.517,-137.05,15,7
-1.1736,-1.0041,-46.39,111.49,73.354,-137.22,15,7
-1.0183,-0.50133,-46.232,111.64,73.857,-137.06,15,7
-0.67874,-0.82954,-46.222,111.98,73.528,-137.05,15,7
-0.84886,-0.83327,-46.051,111.81,73.525,-136.88,15,7
-1.1796,-0.83806,-46.223,111.48,73.52,-137.05,15,7
-0.85386,-0.16373,-46.412,111.81,74.194,-137.24,15,7
-1.1796,-0.83806,-46.223,111.48,73.52,-137.05,15,7
-1.522,-0.3429,-46.237,111.14,74.015,-137.07,16,7
-0.85169,-0.66632,-46.055,111.81,73.692,-136.89,16,7
-1.1824,-0.67111,-46.227,111.48,73.687,-137.06,16,7
-0.68158,-0.6626,-46.226,111.98,73.695,-137.06,16,7
-0.8365,-0.99757,-46.561,111.82,73.36,-137.39,16,7
-1.1944,-0.33898,-45.893,111.47,74.019,-136.72,16,7
-1.6918,-0.17879,-46.242,110.97,74.179,-137.07,16,7
-1.1969,-0.004218,-46.074,111.46,74.354,-136.9,16,7
-1.0123,-0.6674,-46.399,111.65,73.691,-137.23,16,7
-1.1849,-0.33634,-46.408,111.47,74.022,-137.24,16,7
-1.0215,-0.50221,-46.06,111.64,73.856,-136.89,17,7
-1.6801,-0.67875,-46.4,110.98,73.679,-137.23,17,7
-0.85169,-0.66632,-46.055,111.81,73.692,-136.89,17,7
-0.85737,-0.33243,-46.064,111.8,74.026,-136.9,17,7
-1.5195,-0.67767,-46.057,111.14,73.68,-136.89,17,7
-1.6832,-0.67963,-46.228,110.98,73.678,-137.06,17,7
-0.85136,-0.49849,-46.231,111.81,73.86,-137.06,17,7
-0.85169,-0.66632,-46.055,111.81,73.692,-136.89,17,7
-1.5166,-0.84462,-46.052,111.14,73.513,-136.88,17,7
-1.1884,-0.50505,-46.06,111.47,73.853,-136.89,17,7
-0.5143,-0.49194,-46.402,112.15,73.866,-137.23,18,7
-1.0063,-0.83346,-46.566,111.65,73.525,-137.4,18,7
-0.85737,-0.33243,-46.064,111.8,74.026,-136.9,18,7
-1.3525,-0.67483,-46.056,111.31,73.683,-136.89,18,7
-1.0215,-0.50221,-46.06,111.64,73.856,-136.89,18,7
-0.68759,-0.49654,-46.059,111.97,73.861,-136.89,18,7
-1.0186,-0.66916,-46.056,111.64,73.689,-136.89,18,7
-1.1856,-0.672,-46.056,111.47,73.686,-136.89,18,7
-1.1767,-1.005,-46.218,111.48,73.353,-137.05,18,7
-1.3579,-0.17312,-46.241,111.3,74.185,-137.07,18,7
-1.019,-0.83698,-45.88,111.64,73.521,-136.71,19,7
-1.0126,-0.83522,-46.223,111.65,73.523,-137.05,19,7
-1.013,-1.0031,-46.046,111.65,73.355,-136.88,19,7
-1.3525,-0.67483,-46.056,111.31,73.683,-136.89,19,7
-1.6836,-0.84746,-46.052,110.98,73.511,-136.88,19,7
-1.1799,-1.0059,-46.047,111.48,73.352,-136.88,19,7
-1.0155,-0.66827,-46.227,111.64,73.69,-137.06,19,7
-1.013,-1.0031,-46.046,111.65,73.355,-136.88,19,7
-1.0158,-0.8361,-46.051,111.64,73.522,-136.88,19,7
-1.1736,-1.0041,-46.39,111.49,73.354,-137.22,19,7
